Site,Linking pages,Target pages
huuthuan.net,9534,1
thachpham.com,4929,1
medium.com,1000,108
alotoi.com,490,1
linkhay.com,226,95
reddit.com,200,65
microsoft.com,188,3
angkoo.com,106,24
pinterest.com,83,39
sitelike.org,77,1
login-faq.com,73,17
top1vietnam.vn,68,19
start.me,66,66
wpcanban.com,58,1
tinhte.vn,51,16
google.com,46,4
find-office-now.com,43,39
useenglishwords.com,37,16
similarweb.com,37,1
dmca.com,34,34
alerank.com,34,32
trungduc.net,31,9
siteprice.org,31,1
find-good-books.info,30,12
webcontactus.com,29,8
myaloha.vn,27,26
socialgrep.com,26,25
wap.edu.vn,25,1
dasisteinbeispiel.de,24,7
linode.com,23,1
bithuat.net,20,10
toponseek.com,18,17
top1index.com,17,13
wordpress.com,17,9
megumiwebpage.com,17,3
bestappsfinder.com,16,4
business.site,14,12
olevanolomellina.info,13,4
themify.me,13,1
indonesiakuno.com,13,10
thailandanthem.com,12,8
webcloud-apps.com,12,5
onrender.com,11,6
geoad.org,11,5
gfycat.com,11,1
ngocdenroi.com,11,1
torquemag.io,9,1
aeonium.info,9,5
behzatcsenikalbimegomdum.com,9,5
cie.vn,8,1
cavenews.org,7,4
convertf.com,7,3
blogspot.com,7,7
rawranked.com,7,1
sonzim.com,7,1
hezu6pro.cn,6,6
bmtrau.com,6,3
sigurros.de,6,1
tfrecipes.com,6,2
flickr.com,6,6
endeavorga.org,6,2
urdecision.info,5,5
find-import.com,5,1
study-education.com,5,2
plurk.com,5,5
tranhait.com,5,4
gitiho.com,5,1
radki.info,4,4
bibobaby.vn,4,2
sanlucarlamayor.info,4,4
elegantthemes.com,4,1
appsok.info,4,2
best-apps-now.com,4,2
webrankx.com,4,1
vnn.mn,4,4
nchuyvn.com,4,4
prankked.top,3,3
elementor.com,3,1
cungcap.net,3,2
youtube.com,3,2
2048.click,3,3
codepen.io,3,1
r2softtech.com,3,2
startsiden.no,3,2
kingabdullah.info,3,3
usagag.com,3,2
yaamedia.vn,3,2
azztimes.com,3,2
topimg.net,3,3
duytan.edu.vn,3,1
biquyet.org,3,1
loginleader.com,3,3
webrank.vn,3,1
dfs-contest.com,3,1
backlink123.com,3,1
tecplac.com,2,1
loginrecords.com,2,2
subinkids.com,2,2
jookyli.vn,2,2
mpl.co,2,1
bdavn.com,2,2
top1teen.com,2,2
hihokids.vn,2,2
nguyencaotu.com,2,1
hiphopkids.vn,2,2
webhoanggia.com,2,2
wizkool.vn,2,2
celuvkids.com,2,2
modekids.vn,2,2
kidsmeet.vn,2,2
tavush.biz,2,1
pinterest.cl,2,2
g7baby.vn,2,2
thrivethemes.com,2,1
glaspodrinja.mobi,2,1
teddykids.vn,2,2
candykids.vn,2,2
github.com,2,1
ndaithien.xyz,2,1
superhero.vn,2,2
enerickid.com,2,2
crocokids.vn,2,2
tacakids.vn,2,2
top1list.vn,2,2
ibmkids.com,2,2
babyspa.vn,2,2
danhbakids.com,2,2
eftundmehr.info,2,2
vkjeans.vn,2,2
nguyenhung.net,2,1
top1congviec.com,2,2
lalakid.vn,2,2
top1asian.com,2,2
powiat-pucki.info,2,2
chuchutv.vn,2,2
higirl.vn,2,2
saonhivietnam.vn,2,2
boxplay.vn,2,2
moviekids.vn,2,2
top1techfest.com,2,2
jumperkids.com,2,2
ycbf.org,2,1
quora.com,2,2
mercadocapital.com.br,2,2
nemkids.com,2,2
boganickid.com,2,2
tinytalk.vn,2,2
9baby.vn,2,2
babyapp.vn,2,2
newkids.vn,2,2
top1coupon.com,2,2
kabid.vn,2,2
kidsparty.vn,2,2
bestdiscountcodes.net,2,1
azkids.vn,2,2
instagram.com,2,1
springcoupon.com,2,1
myhealthon.org,2,2
lambieng.com,2,2
hvkids.vn,2,2
top1ceo.com,2,2
samsungkids.vn,2,2
babybus.vn,2,2
alokids.vn,2,2
greenbaby.vn,2,2
kenzobaby.com,2,2
seobenvung.com,2,1
gogokids.vn,2,2
kidshome.vn,2,2
zonealarm.com,2,2
quick-contact.org,2,2
twitter.com,1,1
allo-estheticienne.net,1,1
reha-dannenberg.de,1,1
kinhdoanhthantoc.com,1,1
rankbalance.com,1,1
vtctin.com,1,1
kysy.com,1,1
itp29.com,1,1
free-fonts.com,1,1
thaibinhweb.net,1,1
trangvangvietnam.org,1,1
loginen.com,1,1
affviet.com,1,1
coral-beachresortsharjah.com,1,1
greentreevn.com,1,1
daily-catalog.com,1,1
appszo.com,1,1
sitecontactus.com,1,1
hocban.vn,1,1
giakhue.com,1,1
kanaktec.com,1,1
jegtheme.com,1,1
nicejintime.com,1,1
rettungskreuzer.info,1,1
orcid.org,1,1
thesiterank.com,1,1
producthunt.com,1,1
crunchbase.com,1,1
inthienha.com,1,1
facebook.com,1,1
besthostingprice.com,1,1
despota.info,1,1
chototbatdongsan.com,1,1
goodtemplates.org,1,1
about.me,1,1
pus.edu.vn,1,1
zonnigbonaire.info,1,1
topthuthuat.com,1,1
thongtin.biz,1,1
mrphuoc.com,1,1
faq-courses.com,1,1
norbugaia.com,1,1
womendoes.info.pl,1,1
italicizedcreative.com,1,1
kriesi.at,1,1
banhungcagiunuoc.vn,1,1
ishimbay.biz,1,1
b4usolution.com,1,1
twotone-a.com,1,1
thietkewebvn.pw,1,1
get-contact-number.com,1,1
cgscomputer.com,1,1
25giay.vn,1,1
analyticsmania.com,1,1
go-logins.com,1,1
thanhbinh.me,1,1
forobeta.com,1,1
wordpress.org,1,1
vincentlecavalier.com,1,1
9coupons.net,1,1
host.io,1,1
tecmaza.com,1,1
sadstxt.com,1,1
sangoancosy.com,1,1
webviptop.com,1,1
topappsfinder.com,1,1
marquardt-singt-kreisler.de,1,1
bloglovin.com,1,1
toidixemdat.com,1,1
logrocket.com,1,1
nvstudio.info,1,1
sustainaroll.com,1,1
800contactnumber.com,1,1
cafeled.ru,1,1
web-documents.net,1,1
hollywire.biz,1,1
tapchicntt.com,1,1
alvindayu.com,1,1
laptopvang.com,1,1
kumho-modelhouse.com,1,1
bestschoolrankings.com,1,1
expoafiliados.com,1,1
source1net.info,1,1
mail-archive.com,1,1
visitawinery.com.au,1,1
asyabahis417.com,1,1
artembalatsky.com,1,1
beatnews.org,1,1
ringmobi.com,1,1
mahseerangling.com,1,1
hocvps.com,1,1
waceo.com,1,1
simplywordpress.net,1,1
pauliinalaitinenlaiho.com,1,1
pinterest.de,1,1
szekelyek.info,1,1
tecupdate.com,1,1
157.245.224.202,1,1
truyenmai.com,1,1
mosmmo.com,1,1
voz.vn,1,1
dayhoclaptrinh.net,1,1
leephan.com,1,1
bookiee.org,1,1
thomasulbricht.de,1,1
appenzeller-pedigrees.info,1,1
advancedsitestats.com,1,1
hocwp.net,1,1
contact-web.info,1,1
login-list.com,1,1
meohayplus.com,1,1
sketchfab.com,1,1
loginguides.net,1,1
logincollector.uk,1,1
kiemtientrenmang.org,1,1